substitution,"1,6-Dinitropyrene 0.09 ÂµM "
A[C>A]A,0.000751844456779883
A[C>A]C,0.0178709534993832
A[C>A]G,0.00276113340285539
A[C>A]T,0.011611018704579
C[C>A]A,0.0697302750841124
C[C>A]C,0.0799962502013796
C[C>A]G,0.0409534387439748
C[C>A]T,0.0732734906118186
G[C>A]A,0
G[C>A]C,0.00471666649458238
G[C>A]G,0.000285004361927023
G[C>A]T,0.00660090752337765
T[C>A]A,0.00313365491789859
T[C>A]C,0.0249362427706161
T[C>A]G,0.000947037208392928
T[C>A]T,0.00313709660369529
A[C>G]A,0.00182671570905037
A[C>G]C,0.00852431821433541
A[C>G]G,0.00576736400137602
A[C>G]T,0.0258700868501216
C[C>G]A,0.0304638359948217
C[C>G]C,0.00753802939888008
C[C>G]G,0.00222808182886594
C[C>G]T,0.0118858618989157
G[C>G]A,0.0203374130421208
G[C>G]C,0.00496446787194503
G[C>G]G,0.00607965601497691
G[C>G]T,0.00705258781174503
T[C>G]A,0.0414866542077641
T[C>G]C,0.0142121137178876
T[C>G]G,0
T[C>G]T,0.0171047686851171
A[C>T]A,0.0867304820769295
A[C>T]C,0.0168171420863925
A[C>T]G,0
A[C>T]T,0.0106449702794042
C[C>T]A,0.047855493774564
C[C>T]C,0.000350642226764155
C[C>T]G,0.00187629237350289
C[C>T]T,0.0184888999896913
G[C>T]A,0.00275679032315955
G[C>T]C,0.00812639378031654
G[C>T]G,0.00636195619520652
G[C>T]T,0.019112500678094
T[C>T]A,0.0336610801550594
T[C>T]C,0.0150185334780152
T[C>T]G,0.000251652787658967
T[C>T]T,0.0211367035959553
A[T>A]A,0.00195684421012573
A[T>A]C,0.00729137525011632
A[T>A]G,0.00135733532229994
A[T>A]T,0.00529732805542622
C[T>A]A,0.00935147003414316
C[T>A]C,0.00263690493457437
C[T>A]G,0.0172454680782823
C[T>A]T,0.00448320547470599
G[T>A]A,0
G[T>A]C,0
G[T>A]G,0.000518711216503178
G[T>A]T,0.000293362741719017
T[T>A]A,0
T[T>A]C,0.0120459002884624
T[T>A]G,0.00615652033110328
T[T>A]T,0.0133594770342043
A[T>C]A,0.00952445571787748
A[T>C]C,0.0000696531649332862
A[T>C]G,0.000587381042637406
A[T>C]T,0.00158932133397775
C[T>C]A,0.00180917950046717
C[T>C]C,0.0024217995722804
C[T>C]G,0.0003454796980691
C[T>C]T,0.00122655126202521
G[T>C]A,0.0127779140794613
G[T>C]C,0.00214490775544561
G[T>C]G,0.000439224663579311
G[T>C]T,0
T[T>C]A,0.0120593392520496
T[T>C]C,0.00208730049080078
T[T>C]G,0.00161406869375405
T[T>C]T,0.0000226987372782592
A[T>G]A,0.00181147395766497
A[T>G]C,0.000674488471253975
A[T>G]G,0.00766020924466305
A[T>G]T,0.000657525876970222
C[T>G]A,0.00211540759147386
C[T>G]C,0.00119434691635605
C[T>G]G,0.00235099917874821
C[T>G]T,0.0000704726139325013
G[T>G]A,0.00642275931094828
G[T>G]C,0
G[T>G]G,0.000487490209633082
G[T>G]T,0.000603032518522415
T[T>G]A,0.00597517626757698
T[T>G]C,0.00178885716528663
T[T>G]G,0.00196503870011789
T[T>G]T,0.000273040406538482