substitution,"1,8-Dinitropyrene 8 ÂµM "
A[C>A]A,0.0180349250334742
A[C>A]C,0.0197087979453102
A[C>A]G,0.00391115404506344
A[C>A]T,0.0162629416076103
C[C>A]A,0.0605611168604734
C[C>A]C,0.0803003704954481
C[C>A]G,0.0251666690922501
C[C>A]T,0.0790584747390417
G[C>A]A,0.0169892414901624
G[C>A]C,0.0238044931953307
G[C>A]G,0.00965070726529689
G[C>A]T,0.00491961200879391
T[C>A]A,0.0318571362119217
T[C>A]C,0.0508895181380116
T[C>A]G,0.00626460754705741
T[C>A]T,0.0558705880537059
A[C>G]A,0.0121964238779342
A[C>G]C,0.00689493013610238
A[C>G]G,0.00274615119196914
A[C>G]T,0.00559780865010167
C[C>G]A,0.0225494190724847
C[C>G]C,0.00709154783739525
C[C>G]G,0.00321318544661603
C[C>G]T,0.00781926692864084
G[C>G]A,0.00533516689219891
G[C>G]C,0.00473107762658132
G[C>G]G,0.0019229660749445
G[C>G]T,0.00362149443221951
T[C>G]A,0.0185887249475618
T[C>G]C,0.0103979074199748
T[C>G]G,0.00437041350425907
T[C>G]T,0.00994706624837092
A[C>T]A,0.0240790351503527
A[C>T]C,0.0141133693346324
A[C>T]G,0.00891275400452872
A[C>T]T,0.0111300339916349
C[C>T]A,0.0220082245523827
C[C>T]C,0.0186281278224678
C[C>T]G,0.00706124200206483
C[C>T]T,0.0278199723018064
G[C>T]A,0.0106832917768166
G[C>T]C,0.00905856227160271
G[C>T]G,0.00135136875494293
G[C>T]T,0.00842826612744023
T[C>T]A,0.027626836510041
T[C>T]C,0.0148999282894122
T[C>T]G,0.00197493908399282
T[C>T]T,0.0235433059059647
A[T>A]A,0.00312889679116826
A[T>A]C,0.000524075866171935
A[T>A]G,0.0061511854460695
A[T>A]T,0.00467629264502852
C[T>A]A,0.00748086058241204
C[T>A]C,0.00331249479531657
C[T>A]G,0.00438795527630896
C[T>A]T,0.00702327596577394
G[T>A]A,0.00340992655736051
G[T>A]C,0.00134322373113685
G[T>A]G,0.00367745180356258
G[T>A]T,0.00363446123959911
T[T>A]A,0.00346266646800096
T[T>A]C,0.00118407842832845
T[T>A]G,0.00442335615899859
T[T>A]T,0.00422165222530733
A[T>C]A,0.0140012430328864
A[T>C]C,0.00072316175649695
A[T>C]G,0.00326961882584387
A[T>C]T,0.00233792154101312
C[T>C]A,0.00364335553507566
C[T>C]C,0.0000961976675278678
C[T>C]G,0.00251964195850482
C[T>C]T,0.00470120372433153
G[T>C]A,0.00625787291698399
G[T>C]C,0.0000301471660354905
G[T>C]G,0.000205124138492943
G[T>C]T,0.00100801721568902
T[T>C]A,0.00682054068166568
T[T>C]C,0.000716612240600936
T[T>C]G,0.00376494910475214
T[T>C]T,0.000214961634778208
A[T>G]A,0.000465315337285215
A[T>G]C,0.000216468993079982
A[T>G]G,0.00746591922380673
A[T>G]T,0.00158895839416942
C[T>G]A,0.000789511966657517
C[T>G]C,0.00133740585698965
C[T>G]G,0.00202297180555053
C[T>G]T,0.0000531365838777593
G[T>G]A,0.000354220385956184
G[T>G]C,0.000831814963676323
G[T>G]G,0.00212042119751613
G[T>G]T,0.00000700789385912718
T[T>G]A,0.00300009258353359
T[T>G]C,0.000747288304286172
T[T>G]G,0.00286274667885552
T[T>G]T,0.0021911348132871