substitution,"3-Nitrobenzanthrone 0.1 ÂµM "
A[C>A]A,0.0258298926507019
A[C>A]C,0.0101672050323019
A[C>A]G,0.00629031670471657
A[C>A]T,0.0141665857094283
C[C>A]A,0.0744960411910429
C[C>A]C,0.0703774226453587
C[C>A]G,0.0276450551318793
C[C>A]T,0.0655213848545198
G[C>A]A,0.0262503157332297
G[C>A]C,0.0257753072327197
G[C>A]G,0.014419961626269
G[C>A]T,0.0113527347355127
T[C>A]A,0.0279490576577452
T[C>A]C,0.0287012435031816
T[C>A]G,0.00748935007529023
T[C>A]T,0.042265908097343
A[C>G]A,0.00345729100888911
A[C>G]C,0.00170158352358284
A[C>G]G,0.000700259872735221
A[C>G]T,0.000366639141205615
C[C>G]A,0.00545149851848254
C[C>G]C,0.00347922232476806
C[C>G]G,0.00225275659396707
C[C>G]T,0.00600444455238743
G[C>G]A,0.00397097683003837
G[C>G]C,0.00253332199931996
G[C>G]G,0.00217313110215184
G[C>G]T,0.00144362947491135
T[C>G]A,0.00662402244134648
T[C>G]C,0.00465985816291835
T[C>G]G,0.000858223636275319
T[C>G]T,0.00733880604264827
A[C>T]A,0.0130852601156069
A[C>T]C,0.00517520765531646
A[C>T]G,0.00296302278136688
A[C>T]T,0.00365421139554088
C[C>T]A,0.013050833049983
C[C>T]C,0.0128038203720795
C[C>T]G,0.000696871812308739
C[C>T]T,0.0227241098751639
G[C>T]A,0.0108752732306796
G[C>T]C,0.00550093505610337
G[C>T]G,0.00150522174187594
G[C>T]T,0.00706168941565065
T[C>T]A,0.0211362146014475
T[C>T]C,0.0183616481274591
T[C>T]G,0.00192177102054695
T[C>T]T,0.0281131296449216
A[T>A]A,0.0130363943265167
A[T>A]C,0.00161830281245446
A[T>A]G,0.00625008500510031
A[T>A]T,0.00726496089765386
C[T>A]A,0.0112042186816923
C[T>A]C,0.00150663039782387
C[T>A]G,0.00558629232039637
C[T>A]T,0.00895419439452081
G[T>A]A,0.0176511269247583
G[T>A]C,0.00142881430028659
G[T>A]G,0.0030587263807257
G[T>A]T,0.00283564871035119
T[T>A]A,0.0237898309612862
T[T>A]C,0.00396826881041434
T[T>A]G,0.0117289430222956
T[T>A]T,0.0087075824549473
A[T>C]A,0.0499071015689513
A[T>C]C,0.00206924272599213
A[T>C]G,0.00719310730072376
A[T>C]T,0.00661391897799582
C[T>C]A,0.00790521931315879
C[T>C]C,0.0000376086850925341
C[T>C]G,0.000854289114489726
C[T>C]T,0.0032752708019624
G[T>C]A,0.0116028926021276
G[T>C]C,0.000326261718560256
G[T>C]G,0.00143270024772915
G[T>C]T,0.00156428814300287
T[T>C]A,0.0304111210958372
T[T>C]C,0.00428188905620052
T[T>C]G,0.00893535969301015
T[T>C]T,0.0140297882158644
A[T>G]A,0.00105023801428086
A[T>G]C,0.000283164132705105
A[T>G]G,0.00298033953465779
A[T>G]T,0.0000302253849516685
C[T>G]A,0.000746891242045951
C[T>G]C,0.000159202409287414
C[T>G]G,0.000815393209306844
C[T>G]T,0.000230035945013844
G[T>G]A,0.000965925098363045
G[T>G]C,0.000656470102491864
G[T>G]G,0.00300244086073736
G[T>G]T,0.000359486569194152
T[T>G]A,0.00189472725506388
T[T>G]C,0
T[T>G]G,0.00579689852819741
T[T>G]T,0.00165581434886093