substitution,"5-Methylchrysene 1.6 ÂµM + rat S9"
A[C>A]A,0.0286278352872072
A[C>A]C,0.0231100154408757
A[C>A]G,0.0168258848881249
A[C>A]T,0.0293083161989937
C[C>A]A,0.0660872776929271
C[C>A]C,0.089468345539054
C[C>A]G,0.0277444499118121
C[C>A]T,0.115338851868775
G[C>A]A,0.0229751174640858
G[C>A]C,0.0248839421415821
G[C>A]G,0.0166069211415651
G[C>A]T,0.0144641468270452
T[C>A]A,0.0559895666915893
T[C>A]C,0.0647639262107734
T[C>A]G,0.017565319177999
T[C>A]T,0.0944364885813672
A[C>G]A,0.00479684957141518
A[C>G]C,0.0015590318605523
A[C>G]G,0.00200334146249244
A[C>G]T,0.00140915631417056
C[C>G]A,0.00561575650971771
C[C>G]C,0.00537682267036886
C[C>G]G,0.00307809857291054
C[C>G]T,0.00752106977923196
G[C>G]A,0.0115611027591745
G[C>G]C,0.00649664562351423
G[C>G]G,0.0103944749010548
G[C>G]T,0.00621594100674829
T[C>G]A,0.0152845265596909
T[C>G]C,0.0101389409220751
T[C>G]G,0.00561666348476521
T[C>G]T,0.0127502801804018
A[C>T]A,0.00551124635745508
A[C>T]C,0.00391011920547788
A[C>T]G,0.000367824146558115
A[C>T]T,0.000745358750734899
C[C>T]A,0.00256906090771794
C[C>T]C,0.00700630735410649
C[C>T]G,0.000703438197621908
C[C>T]T,0.0200763503244208
G[C>T]A,0.0012365564663693
G[C>T]C,0.0023754508581282
G[C>T]G,0.0000022965606707395
G[C>T]T,0.00288284099066571
T[C>T]A,0.00987483644494006
T[C>T]C,0.0086427649285763
T[C>T]G,0.000144932948416452
T[C>T]T,0.0133830824956545
A[T>A]A,0.00412687792095891
A[T>A]C,0.000194508703765241
A[T>A]G,0.00612649163279739
A[T>A]T,0.00184086811590961
C[T>A]A,0.00407979842720875
C[T>A]C,0.00324984137089628
C[T>A]G,0.0127228213028169
C[T>A]T,0.00394292840375587
G[T>A]A,0.00228898035635166
G[T>A]C,0.00163638268662185
G[T>A]G,0.00791830820829393
G[T>A]T,0.00015903682644871
T[T>A]A,0.00349710440311257
T[T>A]C,0.000896024779956204
T[T>A]G,0.00488942759323637
T[T>A]T,0.00223385457938192
A[T>C]A,0.00525887430983359
A[T>C]C,0.0000150191739517565
A[T>C]G,0.00170611159394358
A[T>C]T,0.000500750076685156
C[T>C]A,0.00135888160557416
C[T>C]C,0.00121409011198163
C[T>C]G,0.00101849137398499
C[T>C]T,0.00222798004375314
G[T>C]A,0.000613447966991301
G[T>C]C,0.000637162452178285
G[T>C]G,0.00265290201394392
G[T>C]T,0.0000187219619897242
T[T>C]A,0.0022490068872856
T[T>C]C,0.000316309628034389
T[T>C]G,0.000248036873311862
T[T>C]T,0.00115045208296056
A[T>G]A,0.000974399073281187
A[T>G]C,0
A[T>G]G,0.00206511561618653
A[T>G]T,0.0000319271858464763
C[T>G]A,0.000178940352261786
C[T>G]C,0.000140664341082794
C[T>G]G,0.00581970108232578
C[T>G]T,0.000418381764802365
G[T>G]A,0.000440099240710445
G[T>G]C,0
G[T>G]G,0.00291790514525447
G[T>G]T,0.000236712166526077
T[T>G]A,0.000897356119475474
T[T>G]C,0.000276918620008009
T[T>G]G,0.00716481164474749
T[T>G]T,0