substitution,"6-Nitrochrysene 50 ÂµM + rat S9"
A[C>A]A,0.00855231498108648
A[C>A]C,0.00461031366647161
A[C>A]G,0.0044883413516654
A[C>A]T,0.000456498519105346
C[C>A]A,0.0172324610595162
C[C>A]C,0.0173140386105144
C[C>A]G,0.00534344950698379
C[C>A]T,0.0113026536324219
G[C>A]A,0.0000122383457440392
G[C>A]C,0.00337197260945843
G[C>A]G,0.00226952789779564
G[C>A]T,0.00105162748207836
T[C>A]A,0.00241929345467231
T[C>A]C,0.0106372878027767
T[C>A]G,0.000839580668500929
T[C>A]T,0.000620016797095272
A[C>G]A,0.000484175270762778
A[C>G]C,0.0000748964831928043
A[C>G]G,0.000985077194359375
A[C>G]T,0.00016135977916049
C[C>G]A,0.00251636423060179
C[C>G]C,0.00189757400903182
C[C>G]G,0.00222962650514864
C[C>G]T,0.00112095983495529
G[C>G]A,0.00112211788670822
G[C>G]C,0.00059573197216981
G[C>G]G,0.000325714047173245
G[C>G]T,0.000933225255812262
T[C>G]A,0.0027008302258031
T[C>G]C,0.00196889355130727
T[C>G]G,0.000143180422352575
T[C>G]T,0.00187589308745615
A[C>T]A,0.00504321259837513
A[C>T]C,0.00227302261018616
A[C>T]G,0.000128646530234374
A[C>T]T,0.00245827662876964
C[C>T]A,0.0125135372138492
C[C>T]C,0.0154126067130986
C[C>T]G,0.00542531485782592
C[C>T]T,0.0115971002822659
G[C>T]A,0.00182715898055156
G[C>T]C,0.00171840490143417
G[C>T]G,0.000646823296843694
G[C>T]T,0.00112135042045776
T[C>T]A,0.00416498452226144
T[C>T]C,0.00797274091443987
T[C>T]G,0.0015016505046954
T[C>T]T,0.00624494825619197
A[T>A]A,0.0143492548135689
A[T>A]C,0.00627941571369057
A[T>A]G,0.017264324613665
A[T>A]T,0.00741828081036432
C[T>A]A,0.0327894816228699
C[T>A]C,0.032843478355492
C[T>A]G,0.0680973489276263
C[T>A]T,0.0588363953546474
G[T>A]A,0.0282837009711381
G[T>A]C,0.0179803637729726
G[T>A]G,0.0472321343381696
G[T>A]T,0.0221134093649357
T[T>A]A,0.0344858903933755
T[T>A]C,0.0158743884150531
T[T>A]G,0.0339804247865395
T[T>A]T,0.0276525285039021
A[T>C]A,0.0719344403467533
A[T>C]C,0.00407798674086932
A[T>C]G,0.0386634421754883
A[T>C]T,0.0165991986172232
C[T>C]A,0.0388165242829474
C[T>C]C,0.00146058420791823
C[T>C]G,0.0195337291686704
C[T>C]T,0.0142128239827941
G[T>C]A,0.0248694697512634
G[T>C]C,0.000869326838083725
G[T>C]G,0.0103231748302646
G[T>C]T,0.00461000530949598
T[T>C]A,0.0458409647116551
T[T>C]C,0.00187473503570322
T[T>C]G,0.0181659604104179
T[T>C]T,0.0150674867335921
A[T>G]A,0.000513914587968338
A[T>G]C,0.000319540055283335
A[T>G]G,0.000505911011356335
A[T>G]T,0.000119889192126377
C[T>G]A,0.00201874459570138
C[T>G]C,0.000417138464260015
C[T>G]G,0.00251442500784392
C[T>G]T,0.000831837482223906
G[T>G]A,0.00110948210308448
G[T>G]C,0.000403324071751626
G[T>G]G,0.00206625212708068
G[T>G]T,0.000573831774522582
T[T>G]A,0.00154392281986616
T[T>G]C,0.0000776031722011445
T[T>G]G,0.0029231967194984
T[T>G]T,0.00195329754071744