substitution,"AZD 7762 (Chk1/2 inhibitor) 1.625 ÂµM "
A[C>A]A,0.000395123818576932
A[C>A]C,0
A[C>A]G,0
A[C>A]T,0.00885898390118461
C[C>A]A,0.00160866138778204
C[C>A]C,0.00719763933759231
C[C>A]G,0.00330125095174666
C[C>A]T,0.00106894391784709
G[C>A]A,0.00498950726748446
G[C>A]C,0.00589504211404129
G[C>A]G,0.0000269117521454995
G[C>A]T,0.0000768581396019775
T[C>A]A,0.000748853713302947
T[C>A]C,0.0000444728107489187
T[C>A]G,0.00102367287716165
T[C>A]T,0.000502314695766633
A[C>G]A,0.00103256743931143
A[C>G]C,0.00135767508917084
A[C>G]G,0
A[C>G]T,0.000900859499785789
C[C>G]A,0.00216662411340886
C[C>G]C,0.00204871414850019
C[C>G]G,0.00145106799174357
C[C>G]T,0.00185565653671065
G[C>G]A,0.000728555866345748
G[C>G]C,0.00151925963489191
G[C>G]G,0.00244976767517698
G[C>G]T,0
T[C>G]A,0.00721599862613225
T[C>G]C,0.00240552293012421
T[C>G]G,0.00248397752959922
T[C>G]T,0.00230049867704791
A[C>T]A,0.000526831758102575
A[C>T]C,0.00132312313620437
A[C>T]G,0.00236196238215988
A[C>T]T,0
C[C>T]A,0.00201393412983757
C[C>T]C,0.00130293932209524
C[C>T]G,0.00931693981905039
C[C>T]T,0.0000442447450527704
G[C>T]A,0.0186160905138012
G[C>T]C,0.00432560802599675
G[C>T]G,0.00187401582525059
G[C>T]T,0.00232421750944734
T[C>T]A,0.0168436779561847
T[C>T]C,0.0000317011317646139
T[C>T]G,0.00459461151460367
T[C>T]T,0.00211758998873698
A[T>A]A,0.0154649067901201
A[T>A]C,0
A[T>A]G,0.0260874086867715
A[T>A]T,0.0269921453033918
C[T>A]A,0.0433255262644447
C[T>A]C,0.0295097625231729
C[T>A]G,0.123539196453852
C[T>A]T,0.0642660623533894
G[T>A]A,0.0221263636760678
G[T>A]C,0.0184442430117535
G[T>A]G,0.0518028422231251
G[T>A]T,0.0377269695553962
T[T>A]A,0.0346625648290995
T[T>A]C,0.0228028065308437
T[T>A]G,0.0405948956844611
T[T>A]T,0.0338505369179635
A[T>C]A,0.0413543544526349
A[T>C]C,0.00592902390276738
A[T>C]G,0.0136063994322076
A[T>C]T,0.0174444029998393
C[T>C]A,0.014346586649057
C[T>C]C,0.00569172154592508
C[T>C]G,0.0136742489768118
C[T>C]T,0.0344352973628878
G[T>C]A,0.0184224627377713
G[T>C]C,0.00219558845681969
G[T>C]G,0.0115714832583244
G[T>C]T,0.010120643332277
T[T>C]A,0.0108720057682376
T[T>C]C,0.00219228150422554
T[T>C]G,0.00505256743246946
T[T>C]T,0.00360298186775086
A[T>G]A,0.00511585566315062
A[T>G]C,0
A[T>G]G,0.00593655007074028
A[T>G]T,0.00169680877934336
C[T>G]A,0
C[T>G]C,0.00271512211264552
C[T>G]G,0.00147090970730847
C[T>G]T,0
G[T>G]A,0.00262446599842657
G[T>G]C,0
G[T>G]G,0.00129279039861664
G[T>G]T,0
T[T>G]A,0.00257976512198151
T[T>G]C,0.0012982639753242
T[T>G]G,0.0234428729070839
T[T>G]T,0.0168458445802981