substitution,"Benzo[a]pyrene-diol epoxide 0.125 ÂµM "
A[C>A]A,0.0237017339519746
A[C>A]C,0.0423393201619696
A[C>A]G,0.0143257461556466
A[C>A]T,0.0254213325559732
C[C>A]A,0.0729790065002364
C[C>A]C,0.140069122652976
C[C>A]G,0.0294552576844229
C[C>A]T,0.097214540869678
G[C>A]A,0.0230500535136547
G[C>A]C,0.0785632593328058
G[C>A]G,0.0172698238937959
G[C>A]T,0.0284164337375492
T[C>A]A,0.0221688093339598
T[C>A]C,0.0796808314092234
T[C>A]G,0.00993479053615501
T[C>A]T,0.0455243521450673
A[C>G]A,0.0066493985296363
A[C>G]C,0.00484002872811934
A[C>G]G,0.003532058204872
A[C>G]T,0.00464857139869939
C[C>G]A,0.00517638261590029
C[C>G]C,0.0113628957987046
C[C>G]G,0.00509082022615394
C[C>G]T,0.0102172483021887
G[C>G]A,0.00666235898531523
G[C>G]C,0.013985116653621
G[C>G]G,0.0065627672363288
G[C>G]T,0.0071054863178841
T[C>G]A,0.00380284153982372
T[C>G]C,0.00788463350587107
T[C>G]G,0.00202415261083536
T[C>G]T,0.00678164194209222
A[C>T]A,0.00686807281598201
A[C>T]C,0.0083849805821977
A[C>T]G,0.00193429790522627
A[C>T]T,0.00669997102937317
C[C>T]A,0.00700976934430683
C[C>T]C,0.0110396192779296
C[C>T]G,0.0017690320533781
C[C>T]T,0.0149702950030195
G[C>T]A,0.00219847408004063
G[C>T]C,0.0106657034509451
G[C>T]G,0.00205130944193581
G[C>T]T,0.00884591183970695
T[C>T]A,0.00348263477646337
T[C>T]C,0.00674268040728833
T[C>T]G,0.000304453797127916
T[C>T]T,0.00662367803769615
A[T>A]A,0.00558330084033524
A[T>A]C,0.000567794891035136
A[T>A]G,0.00378086221034759
A[T>A]T,0.00206886284260405
C[T>A]A,0.00188157757739622
C[T>A]C,0.00147457918519419
C[T>A]G,0.00327543784210551
C[T>A]T,0.00108408533204103
G[T>A]A,0.000927728123310318
G[T>A]C,0.000153237346461607
G[T>A]G,0.00138820843712971
G[T>A]T,0.0000737242828066294
T[T>A]A,0.00383617796963706
T[T>A]C,0.000212220781095265
T[T>A]G,0.0010990366206026
T[T>A]T,0.00111811654916911
A[T>C]A,0.00136236769353894
A[T>C]C,0.0000827799001637393
A[T>C]G,0.000199377236743333
A[T>C]T,0.0000570761098417325
C[T>C]A,0.00376138812359291
C[T>C]C,0.0000380997313077076
C[T>C]G,0.00136133887386133
C[T>C]T,0.000721075661703914
G[T>C]A,0.000204651607752878
G[T>C]C,0.0000785209875372859
G[T>C]G,0.000197496634540436
G[T>C]T,0.00000507395159182956
T[T>C]A,0.00000497708220660042
T[T>C]C,0.000677891957833491
T[T>C]G,0.000305171966708063
T[T>C]T,0.000236264430573862
A[T>G]A,0.000898299872142432
A[T>G]C,0
A[T>G]G,0.000565299669284579
A[T>G]T,0.0000300395303919178
C[T>G]A,0.0000786145165988865
C[T>G]C,0.000132126501128912
C[T>G]G,0.0012917031471761
C[T>G]T,0.000389161064025353
G[T>G]A,0.0000520288808389316
G[T>G]C,0
G[T>G]G,0.000844370347158833
G[T>G]T,0.0000504722900280083
T[T>G]A,0.000122646662670972
T[T>G]C,0.000023833209089996
T[T>G]G,0.00166044481285987
T[T>G]T,0.0000107558420840627