substitution,"Benzo[a]pyrene 2 ÂµM + rat S9"
A[C>A]A,0.0283815533748292
A[C>A]C,0.0330304258735897
A[C>A]G,0.0140923465267135
A[C>A]T,0.0198903826621185
C[C>A]A,0.0794425994597237
C[C>A]C,0.14727315660975
C[C>A]G,0.0352671045277466
C[C>A]T,0.105261281770069
G[C>A]A,0.0228177703493272
G[C>A]C,0.0660140865057227
G[C>A]G,0.0196470287645626
G[C>A]T,0.00833797088644447
T[C>A]A,0.0211287301368275
T[C>A]C,0.0666641427666367
T[C>A]G,0.01132035139286
T[C>A]T,0.0524516231526444
A[C>G]A,0.00851360250487828
A[C>G]C,0.0056884579949459
A[C>G]G,0.00160948108802963
A[C>G]T,0.00671207345224369
C[C>G]A,0.00593152082253423
C[C>G]C,0.00774812729948913
C[C>G]G,0.00355997975006831
C[C>G]T,0.00631674222228544
G[C>G]A,0.00769955742423337
G[C>G]C,0.0175458916919725
G[C>G]G,0.00614021798928439
G[C>G]T,0.00460909293652554
T[C>G]A,0.00819167912074205
T[C>G]C,0.00864157626728808
T[C>G]G,0.00351664913422888
T[C>G]T,0.00628617987569023
A[C>T]A,0.00492800859766351
A[C>T]C,0.0121935224862514
A[C>T]G,0.00288508551858801
A[C>T]T,0.00342395305188898
C[C>T]A,0.00529883173635208
C[C>T]C,0.00465508199140214
C[C>T]G,0.00213189346583045
C[C>T]T,0.0151481543224249
G[C>T]A,0.000791535669819233
G[C>T]C,0.00890654696110244
G[C>T]G,0.00165805096328539
G[C>T]T,0.00458070391235487
T[C>T]A,0.00148337017341231
T[C>T]C,0.00776918136047694
T[C>T]G,0.000637462633650355
T[C>T]T,0.000391489106386287
A[T>A]A,0.00406684899160071
A[T>A]C,0
A[T>A]G,0.00573336038861023
A[T>A]T,0.00349565328723458
C[T>A]A,0.00294031119376894
C[T>A]C,0.00250040744944294
C[T>A]G,0.00477100545715439
C[T>A]T,0.00388917988339388
G[T>A]A,0.000554992809504544
G[T>A]C,0.00028030037877323
G[T>A]G,0.00547591870462377
G[T>A]T,0.000814937695212138
T[T>A]A,0.0076215894822527
T[T>A]C,0.00188011794387942
T[T>A]G,0.000876023579073552
T[T>A]T,0.000198723169194645
A[T>C]A,0.00411444863363122
A[T>C]C,0.0000966158245698796
A[T>C]G,0.000137074550062589
A[T>C]T,0.000118737142105462
C[T>C]A,0.00490138539796279
C[T>C]C,0.000960259227689307
C[T>C]G,0.0034244187638371
C[T>C]T,0.000199596379097365
G[T>C]A,0.00175140680421844
G[T>C]C,0.000857317482490832
G[T>C]G,0.000785888912448308
G[T>C]T,0.000160709431429553
T[T>C]A,0.00395441836545934
T[T>C]C,0.0000225676248191946
T[T>C]G,0.000139927035744809
T[T>C]T,0.0029607249008281
A[T>G]A,0.00181771254283167
A[T>G]C,0
A[T>G]G,0.000169208674482697
A[T>G]T,0.000261244998229421
C[T>G]A,0.000144855820529052
C[T>G]C,0
C[T>G]G,0.00216288271504477
C[T>G]T,0.0000452322729609137
G[T>G]A,0.000325610270392163
G[T>G]C,0
G[T>G]G,0.00246586714662423
G[T>G]T,0.000127682692442219
T[T>G]A,0.000309659636169138
T[T>G]C,0.000120697013220456
T[T>G]G,0.00240588732863959
T[T>G]T,0.00334433571342539