substitution,"Cisplatin 12.5 ÂµM "
A[C>A]A,0.0000112145020078519
A[C>A]C,0.0971048028557086
A[C>A]G,0.000248737654534155
A[C>A]T,0.0215947945930131
C[C>A]A,0.0248212965366881
C[C>A]C,0.0256051005110209
C[C>A]G,0.00107893976184076
C[C>A]T,0.0337811453448654
G[C>A]A,0.00363001467858691
G[C>A]C,0.0416257642627046
G[C>A]G,0
G[C>A]T,0.00106156476006326
T[C>A]A,0.000853214265426718
T[C>A]C,0.0413887644536053
T[C>A]G,0.000135785190311071
T[C>A]T,0.015902208705142
A[C>G]A,0.0004997929728166
A[C>G]C,0.00145810955106091
A[C>G]G,0.00187608151722822
A[C>G]T,0.000747050313085719
C[C>G]A,0.001574889898636
C[C>G]C,0.00259829544653388
C[C>G]G,0.000193487541308805
C[C>G]T,0.00347042483868051
G[C>G]A,0.000214675473768973
G[C>G]C,0.00583533902209632
G[C>G]G,0.000531462726486774
G[C>G]T,0.00359850940427952
T[C>G]A,0.00193816500034369
T[C>G]C,0.00363088193340886
T[C>G]G,0.000217666007637734
T[C>G]T,0.00511891177582671
A[C>T]A,0.000568350961757935
A[C>T]C,0.000950481379508153
A[C>T]G,0.00000491942821411104
A[C>T]T,0.00027003025567973
C[C>T]A,0.0401231705203459
C[C>T]C,0.152729031868041
C[C>T]G,0.00488415486712901
C[C>T]T,0.150793707874873
G[C>T]A,0.0141831900267011
G[C>T]C,0.0095180469074508
G[C>T]G,0.000110096504378418
G[C>T]T,0.00242382770063039
T[C>T]A,0.000368912258050297
T[C>T]C,0.0172736226793476
T[C>T]G,0
T[C>T]T,0.0230856803952756
A[T>A]A,0.000109932025015636
A[T>A]C,0.0221694256758954
A[T>A]G,0.00464489720495883
A[T>A]T,0.00534804648085114
C[T>A]A,0.016978980329928
C[T>A]C,0.0346489982735798
C[T>A]G,0.0299485519020087
C[T>A]T,0.0421279496626162
G[T>A]A,0.00135495108525801
G[T>A]C,0.00287637023832058
G[T>A]G,0.00207469782412195
G[T>A]T,0.000362841474296713
T[T>A]A,0.0053308957691138
T[T>A]C,0.00690708654998271
T[T>A]G,0.000814053224415299
T[T>A]T,0.0016907132753731
A[T>C]A,0.0033699578533595
A[T>C]C,0.00488141852863909
A[T>C]G,0.00136561233850014
A[T>C]T,0.0000707560313348737
C[T>C]A,0.00521019782217062
C[T>C]C,0.0065333894377424
C[T>C]G,0.00604101298892033
C[T>C]T,0.00638538791657744
G[T>C]A,0.000603609356070622
G[T>C]C,0.0010047745218955
G[T>C]G,0.0000825387347777901
G[T>C]T,0.0000296511433087605
T[T>C]A,0.00283661109053541
T[T>C]C,0.00294029289976533
T[T>C]G,0.0000123808102166685
T[T>C]T,0.000778017291296735
A[T>G]A,0.000450494021990083
A[T>G]C,0.00248933534502559
A[T>G]G,0.00428042588970364
A[T>G]T,0.000206630937662007
C[T>G]A,0.00147620228096691
C[T>G]C,0.000608573642292764
C[T>G]G,0.000967019031802399
C[T>G]T,0.000944081637029006
G[T>G]A,0
G[T>G]C,0.00201052096729835
G[T>G]G,0.0014507677904131
G[T>G]T,0
T[T>G]A,0.00174937259720884
T[T>G]C,0.000710625610564216
T[T>G]G,0.00253766237234476
T[T>G]T,0.000949972988750464