substitution,"Dibenzo[a,l]pyrene-diol epoxide 0.000625 ÂµM "
A[C>A]A,0.0186419336589614
A[C>A]C,0.0062720424410032
A[C>A]G,0.00420065256634307
A[C>A]T,0.00599594021070115
C[C>A]A,0.0389167531643185
C[C>A]C,0.0254065980827448
C[C>A]G,0.0171524516040565
C[C>A]T,0.0338771205106664
G[C>A]A,0.00321360307115158
G[C>A]C,0.00152030388373897
G[C>A]G,0.00891573727428363
G[C>A]T,0
T[C>A]A,0.028810069371644
T[C>A]C,0.0129015477926729
T[C>A]G,0.0060728429904722
T[C>A]T,0.01912501669316
A[C>G]A,0.00593415274978807
A[C>G]C,0.000879740318182894
A[C>G]G,0.000729417992796224
A[C>G]T,0.00000541658889307836
C[C>G]A,0.010012940055106
C[C>G]C,0.00404064748912983
C[C>G]G,0.00242180642632415
C[C>G]T,0.00619676943134157
G[C>G]A,0.00101966087551826
G[C>G]C,0.00335488177024479
G[C>G]G,0.00181334294066835
G[C>G]T,0.00094374874032352
T[C>G]A,0.00279913016293195
T[C>G]C,0.00812224694679347
T[C>G]G,0.000196355341908672
T[C>G]T,0.003517762912357
A[C>T]A,0.0103659770214558
A[C>T]C,0.00196051757280447
A[C>T]G,0.0000465283388101598
A[C>T]T,0.000460202340113401
C[C>T]A,0.00475248952976563
C[C>T]C,0.00185900846000881
C[C>T]G,0.00166573689879738
C[C>T]T,0.0110810466460338
G[C>T]A,0.00000556039213802734
G[C>T]C,0.00000637527719273824
G[C>T]G,0.00154733889378938
G[C>T]T,0.000173027259950282
T[C>T]A,0.00433459729994388
T[C>T]C,0.00529565036407626
T[C>T]G,0.00000501713543488674
T[C>T]T,0.00621418560211873
A[T>A]A,0.029064952634247
A[T>A]C,0.0106074865822784
A[T>A]G,0.0262463291425553
A[T>A]T,0.0112473311316098
C[T>A]A,0.0648976854292512
C[T>A]C,0.0444418336166417
C[T>A]G,0.12818749079859
C[T>A]T,0.0564965400779484
G[T>A]A,0.0292796189226791
G[T>A]C,0.00643000231651049
G[T>A]G,0.0394479463730217
G[T>A]T,0.00935850746548155
T[T>A]A,0.0272099706650967
T[T>A]C,0.00983492761599753
T[T>A]G,0.0238856550734728
T[T>A]T,0.0131162939717967
A[T>C]A,0.0160139293575187
A[T>C]C,0.000834745880652191
A[T>C]G,0.0132516288034321
A[T>C]T,0.00239328544940927
C[T>C]A,0.0136912992357944
C[T>C]C,0.00291765599304657
C[T>C]G,0.00764210389004714
C[T>C]T,0.00307160535583362
G[T>C]A,0.0152340843601604
G[T>C]C,0.00120310588165817
G[T>C]G,0.0068996796926522
G[T>C]T,0.00385673911697841
T[T>C]A,0.00390037541275126
T[T>C]C,0.000686804297876342
T[T>C]G,0.00145509710122378
T[T>C]T,0.00000885188863352628
A[T>G]A,0.00430443057478125
A[T>G]C,0.000977031202460045
A[T>G]G,0.0050495710556919
A[T>G]T,0.000463909268205419
C[T>G]A,0.00326529234864157
C[T>G]C,0.0035832573013621
C[T>G]G,0.00965087544060116
C[T>G]T,0.0009410803912228
G[T>G]A,0.000219347882962182
G[T>G]C,0.000967971598028259
G[T>G]G,0.00277906162119241
G[T>G]T,0.0000752570315233011
T[T>G]A,0.000267505991881764
T[T>G]C,0.00196051757280447
T[T>G]G,0.00986432739052043
T[T>G]T,0.0000331067026149214