substitution,"Dibenz[a,h]anthracene-diol epoxide 0.109 ÂµM "
A[C>A]A,0.0240330588511261
A[C>A]C,0.0155444165486495
A[C>A]G,0.015413140138033
A[C>A]T,0.0207159736079231
C[C>A]A,0.0899050766091569
C[C>A]C,0.0949463100494202
C[C>A]G,0.053168695259626
C[C>A]T,0.13206895050571
G[C>A]A,0.0272142342450798
G[C>A]C,0.0220304214143239
G[C>A]G,0.0181228142063233
G[C>A]T,0.019931212674862
T[C>A]A,0.056867862988849
T[C>A]C,0.0575500356749976
T[C>A]G,0.020611910491812
T[C>A]T,0.0727458871190612
A[C>G]A,0.00463319064595979
A[C>G]C,0.00123281836443641
A[C>G]G,0.00336523384916488
A[C>G]T,0.00210061834896151
C[C>G]A,0.00674721333710694
C[C>G]C,0.00462468078120318
C[C>G]G,0.0049180361803896
C[C>G]T,0.00713304172985252
G[C>G]A,0.00398705436562862
G[C>G]C,0.00248486745698999
G[C>G]G,0.00387779657747283
G[C>G]T,0.00230608198546234
T[C>G]A,0.00745303613819267
T[C>G]C,0.0048585454387322
T[C>G]G,0.00482085143655875
T[C>G]T,0.00485686173849661
A[C>T]A,0.00773018102813414
A[C>T]C,0.00411061707981699
A[C>T]G,0.000966151571775022
A[C>T]T,0.00365070326631763
C[C>T]A,0.00942031587004757
C[C>T]C,0.00636368208576806
C[C>T]G,0.00165815758937709
C[C>T]T,0.0167821450528427
G[C>T]A,0.0030793102245067
G[C>T]C,0.00252543549630976
G[C>T]G,0.00189881447638362
G[C>T]T,0.00476236569426678
T[C>T]A,0.00696458034271517
T[C>T]C,0.00703255484524956
T[C>T]G,0.00193148348172993
T[C>T]T,0.0102276566589813
A[T>A]A,0.00515726518518083
A[T>A]C,0.000821416000825655
A[T>A]G,0.00582448034830636
A[T>A]T,0.00367930267683095
C[T>A]A,0.00479359898623391
C[T>A]C,0.00494359187853905
C[T>A]G,0.0217522454211374
C[T>A]T,0.00598383148145581
G[T>A]A,0.0025431574201848
G[T>A]C,0.00099406183986633
G[T>A]G,0.00911078911743563
G[T>A]T,0.00162822949139104
T[T>A]A,0.00393381550314057
T[T>A]C,0.0012908133537915
T[T>A]G,0.00601408587793713
T[T>A]T,0.00268961584718918
A[T>C]A,0.000775264341654844
A[T>C]C,0.000421731668776987
A[T>C]G,0.000398355644575934
A[T>C]T,0.000170056334182222
C[T>C]A,0.000812404941580314
C[T>C]C,0.0001881202188803
C[T>C]G,0.000531561131896485
C[T>C]T,0.00118354468126287
G[T>C]A,0.000419317059911998
G[T>C]C,0.000106049621350305
G[T>C]G,0.000745187451554952
G[T>C]T,0.000122427195424834
T[T>C]A,0.000924231351490856
T[T>C]C,0.000736314742871604
T[T>C]G,0.0000718953052535345
T[T>C]T,0.000228808336046331
A[T>G]A,0.000503340227637681
A[T>G]C,0.0000142422767214902
A[T>G]G,0.00174895993464048
A[T>G]T,0.00000278006317968972
C[T>G]A,0.0000618400908233328
C[T>G]C,0.00029084942674275
C[T>G]G,0.00265677455623737
C[T>G]T,0.000115828134656518
G[T>G]A,0.00040828294999599
G[T>G]C,0.0000631818302358779
G[T>G]G,0.00249089745318255
G[T>G]T,0.000208207154249044
T[T>G]A,0.000572186599751425
T[T>G]C,0.0000125168102785091
T[T>G]G,0.00223076185120246
T[T>G]T,0.000249696660519455