substitution,"Dibenzo[a,l]pyrene 0.0313 ÂµM + rat S9"
A[C>A]A,0.00869925685873544
A[C>A]C,0.000375460239818752
A[C>A]G,0.0032530765482061
A[C>A]T,0.00976116350202457
C[C>A]A,0.0205555906650003
C[C>A]C,0.0158436558749639
C[C>A]G,0.0111037713722258
C[C>A]T,0.0326577432891134
G[C>A]A,0
G[C>A]C,0
G[C>A]G,0.000370205985733824
G[C>A]T,0.00220696915504735
T[C>A]A,0.0140851591987905
T[C>A]C,0.000280226884529447
T[C>A]G,0.000236222506568182
T[C>A]T,0
A[C>G]A,0.0001790824933946
A[C>G]C,0.000111762362931471
A[C>G]G,0.00111634655366907
A[C>G]T,0.00142233387836489
C[C>G]A,0.000605698734790212
C[C>G]C,0.00263431515395475
C[C>G]G,0.0000684147667308221
C[C>G]T,0.000533197325993335
G[C>G]A,0.00141456196086427
G[C>G]C,0.000258699037931482
G[C>G]G,0.000525461896368303
G[C>G]T,0.0000408664206605444
T[C>G]A,0.00250799412866296
T[C>G]C,0.000218744814160682
T[C>G]G,0
T[C>G]T,0.00053078912620441
A[C>T]A,0.00018389889297245
A[C>T]C,0.0000119315353178554
A[C>T]G,0.0000132815867146769
A[C>T]T,0
C[C>T]A,0.00557290270245261
C[C>T]C,0.00105953493137579
C[C>T]G,0.00271455199237666
C[C>T]T,0.0025499551855912
G[C>T]A,0.0015393140075057
G[C>T]C,0.0000669187638316414
G[C>T]G,0.0000680863758505141
G[C>T]T,0.00065557766072143
T[C>T]A,0.00163089857523603
T[C>T]C,0.0000507546349453725
T[C>T]G,0.00039483530175692
T[C>T]T,0.00435336843661567
A[T>A]A,0.0360706367324027
A[T>A]C,0.00997636899225304
A[T>A]G,0.0433319064141453
A[T>A]T,0.0140810360688488
C[T>A]A,0.0815876195762415
C[T>A]C,0.0573853941369238
C[T>A]G,0.169085362801136
C[T>A]T,0.0614857191563244
G[T>A]A,0.0360679001417335
G[T>A]C,0.0108210268242807
G[T>A]G,0.0550996111706026
G[T>A]T,0.0200910270329913
T[T>A]A,0.0386126010732398
T[T>A]C,0.00802310003618138
T[T>A]G,0.0390566220312917
T[T>A]T,0.016374919343551
A[T>C]A,0.00886746596520429
A[T>C]C,0.0038292201037686
A[T>C]G,0.0135931931722136
A[T>C]T,0.00180199022387647
C[T>C]A,0.0135579458843939
C[T>C]C,0.00691167934571693
C[T>C]G,0.0121476530049736
C[T>C]T,0.00328157357904172
G[T>C]A,0.0216462132663786
G[T>C]C,0.00360394395987735
G[T>C]G,0.00132195573261743
G[T>C]T,0.000655796587974968
T[T>C]A,0.00273680959648642
T[T>C]C,0.000248372969139576
T[T>C]G,0.000293617934870894
T[T>C]T,0.00183501175128521
A[T>G]A,0.000768288708418235
A[T>G]C,0.00221003413659689
A[T>G]G,0.0048370152275581
A[T>G]T,0.0023505489454931
C[T>G]A,0.00381681422606808
C[T>G]C,0.00798044570961694
C[T>G]G,0.0082805949742184
C[T>G]T,0.000451683411925785
G[T>G]A,0.00272469562179062
G[T>G]C,0
G[T>G]G,0.00502638730186901
G[T>G]T,0.00301897033842213
T[T>G]A,0.00537973588908036
T[T>G]C,0.00237116459520132
T[T>G]G,0.00430750317699933
T[T>G]T,0.000530241808070563