substitution,"Dibenz[a,h]anthracene 75 ÂµM + rat S9"
A[C>A]A,0.0323606741641645
A[C>A]C,0.0161553404438885
A[C>A]G,0.0190002126691134
A[C>A]T,0.0199778052696867
C[C>A]A,0.0894548848241456
C[C>A]C,0.0925871524923647
C[C>A]G,0.053031180648332
C[C>A]T,0.104683504560305
G[C>A]A,0.023390404304588
G[C>A]C,0.0237353403393331
G[C>A]G,0.0178258539130568
G[C>A]T,0.0129212323421705
T[C>A]A,0.0630206543838722
T[C>A]C,0.0503493357066521
T[C>A]G,0.0240244051535951
T[C>A]T,0.0606741334129008
A[C>G]A,0.00532190288467794
A[C>G]C,0.00251551406025754
A[C>G]G,0.00363204228113258
A[C>G]T,0.00314791582731338
C[C>G]A,0.00983685805700736
C[C>G]C,0.00811639524227432
C[C>G]G,0.00480686670391122
C[C>G]T,0.00623214953384345
G[C>G]A,0.00497491967358871
G[C>G]C,0.00349283428972931
G[C>G]G,0.00492842329069891
G[C>G]T,0.00279373674744359
T[C>G]A,0.0112297287258511
T[C>G]C,0.00632502807948369
T[C>G]G,0.00339207455447227
T[C>G]T,0.00580974588610908
A[C>T]A,0.0122083756661725
A[C>T]C,0.0014618947776839
A[C>T]G,0.000505125387134885
A[C>T]T,0.00377094275677599
C[C>T]A,0.00676436266633912
C[C>T]C,0.00865197347579924
C[C>T]G,0.00070771676972618
C[C>T]T,0.0102680390831444
G[C>T]A,0.000417430678589316
G[C>T]C,0.00173617247697926
G[C>T]G,0
G[C>T]T,0.00677444039709774
T[C>T]A,0.00475507226378737
T[C>T]C,0.00322030503718283
T[C>T]G,0.000307586049169749
T[C>T]T,0.010228395908617
A[T>A]A,0.00252904475369108
A[T>A]C,0.000826690224131104
A[T>A]G,0.00916474282610761
A[T>A]T,0.00261265389571288
C[T>A]A,0.0101561033465578
C[T>A]C,0.00857230932166812
C[T>A]G,0.0312074461338921
C[T>A]T,0.011401366450672
G[T>A]A,0.00436432516698875
G[T>A]C,0.00257702599839275
G[T>A]G,0.0107498723480115
G[T>A]T,0.00100424982387035
T[T>A]A,0.00482457961167876
T[T>A]C,0.00254299718302385
T[T>A]G,0.00897910874113108
T[T>A]T,0.00341723812979282
A[T>C]A,0.000763623134867494
A[T>C]C,0.000234212788868773
A[T>C]G,0.000296041028928403
A[T>C]T,0.000119096460708865
C[T>C]A,0.000717803286649366
C[T>C]C,0.00164111496252635
C[T>C]G,0.00100100772914504
C[T>C]T,0.000790245213506215
G[T>C]A,0.000643964359626326
G[T>C]C,0.000588673026004719
G[T>C]G,0.00000922547279559634
G[T>C]T,0
T[T>C]A,0.00181457142341269
T[T>C]C,0.0000106400452909211
T[T>C]G,0.000133646349232206
T[T>C]T,0.000299116186526935
A[T>G]A,0.000187031085142723
A[T>G]C,0.000208223314078893
A[T>G]G,0.00186855361851378
A[T>G]T,0.000638499365265506
C[T>G]A,0.0000555285600649227
C[T>G]C,0.000152132439481667
C[T>G]G,0.00523949744720185
C[T>G]T,0.00000977900116333212
G[T>G]A,0.000131335587951023
G[T>G]C,0.000506548745794777
G[T>G]G,0.00370631173021941
G[T>G]T,0.000225277259503895
T[T>G]A,0.000126283543324863
T[T>G]C,0
T[T>G]G,0.00142617901871809
T[T>G]T,0