substitution,"Diethyl sulfate 0.938 mM "
A[C>A]A,0.014166642071802
A[C>A]C,0.00143075339212151
A[C>A]G,0.00167434271281313
A[C>A]T,0.00573278474098091
C[C>A]A,0.0214976256050838
C[C>A]C,0.00870776176982243
C[C>A]G,0.00334530224061666
C[C>A]T,0.00191056470299041
G[C>A]A,0.00670304658926207
G[C>A]C,0.0014152619660249
G[C>A]G,0
G[C>A]T,0.000786635030325579
T[C>A]A,0.01160895420454
T[C>A]C,0.0110718068108767
T[C>A]G,0.000472243660189515
T[C>A]T,0.000176637869975208
A[C>G]A,0.00298559399758877
A[C>G]C,0.00240112652938325
A[C>G]G,0.00366666030093698
A[C>G]T,0.00549642920402693
C[C>G]A,0.00552471886289015
C[C>G]C,0.000848289125566422
C[C>G]G,0.000863936356235849
C[C>G]T,0.000689791359425614
G[C>G]A,0.000901329453710439
G[C>G]C,0.0013131654552416
G[C>G]G,0.000973199877368447
G[C>G]T,0.00257678505632936
T[C>G]A,0.00291766320384326
T[C>G]C,0.00240050331109201
T[C>G]G,0.000351673178630076
T[C>G]T,0.00180401663298394
A[C>T]A,0.0837472949543936
A[C>T]C,0.0233440655974645
A[C>T]G,0.000496237564402377
A[C>T]T,0.0525202747377709
C[C>T]A,0.0319181247860191
C[C>T]C,0.0116522678757814
C[C>T]G,0.00583737412492918
C[C>T]T,0.0423424523078864
G[C>T]A,0.036039044447884
G[C>T]C,0.0153662259934645
G[C>T]G,0.00272219523835406
G[C>T]T,0.00784453766306228
T[C>T]A,0.0337358077058182
T[C>T]C,0.0198259983433968
T[C>T]G,0.0017755489117518
T[C>T]T,0.0263076021191024
A[T>A]A,0.00984945316378769
A[T>A]C,0.010891028990824
A[T>A]G,0.0139938548005548
A[T>A]T,0.0346369145815675
C[T>A]A,0.00627972556493514
C[T>A]C,0.0239192738224858
C[T>A]G,0.0196403905815869
C[T>A]T,0.0338475418423196
G[T>A]A,0.00214095515058534
G[T>A]C,0.00605901725865059
G[T>A]G,0.00692902999322606
G[T>A]T,0.0114823963758254
T[T>A]A,0.0120962441349038
T[T>A]C,0.0152252005972746
T[T>A]G,0.00879249719963538
T[T>A]T,0.0211792946050352
A[T>C]A,0.00900296691970665
A[T>C]C,0.0104330748357408
A[T>C]G,0.0164050418537824
A[T>C]T,0.0216181738288471
C[T>C]A,0.00580932930182324
C[T>C]C,0.0143587045944854
C[T>C]G,0.00543851441853355
C[T>C]T,0.0118806106061337
G[T>C]A,0.00696032445456492
G[T>C]C,0.00980794237403167
G[T>C]G,0.00877469096274272
G[T>C]T,0.00307840900739177
T[T>C]A,0.00790599143813808
T[T>C]C,0.00895230817574702
T[T>C]G,0.00288020333298032
T[T>C]T,0.0142521787822751
A[T>G]A,0.000136640610355066
A[T>G]C,0.00082200266835363
A[T>G]G,0.00219684447663219
A[T>G]T,0.00145040702609179
C[T>G]A,0.00296907871287082
C[T>G]C,0.00732159074332091
C[T>G]G,0.00854189667316728
C[T>G]T,0.0171574221358857
G[T>G]A,0.00258094726420302
G[T>G]C,0.00369969087037287
G[T>G]G,0.000530759406178025
G[T>G]T,0.000831996418809636
T[T>G]A,0.0081854380683723
T[T>G]C,0.00682145806459827
T[T>G]G,0.00558474813901454
T[T>G]T,0.0147574975274927