substitution,"Dimethyl sulfate 0.078 mM "
A[C>A]A,0.000461507809128427
A[C>A]C,0.00383185770948795
A[C>A]G,0.000685323429462292
A[C>A]T,0.000183797387418169
C[C>A]A,0.0151259520165273
C[C>A]C,0.00253744245084908
C[C>A]G,0.0031908050097277
C[C>A]T,0.0213544721516743
G[C>A]A,0.0203394683134602
G[C>A]C,0.0025864580717022
G[C>A]G,0.000937250291710089
G[C>A]T,0
T[C>A]A,0.000312849474102675
T[C>A]C,0.00244115697098145
T[C>A]G,0.00178533244027917
T[C>A]T,0.0164473146758543
A[C>G]A,0.00470156044698128
A[C>G]C,0.00256488224590201
A[C>G]G,0.00033899113855767
A[C>G]T,0.00755628392121565
C[C>G]A,0.0015736476265674
C[C>G]C,0.00148148035411391
C[C>G]G,0.000154208962410032
C[C>G]T,0.0000164728296565724
G[C>G]A,0.000105864788417918
G[C>G]C,0.00267361187426021
G[C>G]G,0.00204742053169012
G[C>G]T,0.0038955108719109
T[C>G]A,0.00213833443666974
T[C>G]C,0.0000320056337077425
T[C>G]G,0
T[C>G]T,0.00149361116073601
A[C>T]A,0.0442564055023369
A[C>T]C,0.0368676251913791
A[C>T]G,0.00124835400397416
A[C>T]T,0.0310309166811886
C[C>T]A,0.0393294179625554
C[C>T]C,0.0205557637289509
C[C>T]G,0.00546718892101936
C[C>T]T,0.0356472033768227
G[C>T]A,0.00727852873638132
G[C>T]C,0.00606222512923897
G[C>T]G,0.00178148281160942
G[C>T]T,0.0163196054828918
T[C>T]A,0.0181966128012597
T[C>T]C,0.00515017647637848
T[C>T]G,0
T[C>T]T,0.0253656509361737
A[T>A]A,0.0165964206421207
A[T>A]C,0.0141836882549217
A[T>A]G,0.00622261140277022
A[T>A]T,0.0218320946854668
C[T>A]A,0.0138544107142865
C[T>A]C,0.0235695753461185
C[T>A]G,0.0158010246905783
C[T>A]T,0.0316390237216357
G[T>A]A,0.0175857752102446
G[T>A]C,0.00725766912056621
G[T>A]G,0.020298420528691
G[T>A]T,0.019905579351881
T[T>A]A,0.00646598850832126
T[T>A]C,0.0173130782584298
T[T>A]G,0.0107531319526924
T[T>A]T,0.0169809358778543
A[T>C]A,0.0136860566046714
A[T>C]C,0.0162155759825606
A[T>C]G,0.0130302768370932
A[T>C]T,0.0212474882851547
C[T>C]A,0.00591276105798002
C[T>C]C,0.000110878258313396
C[T>C]G,0.00714737278286568
C[T>C]T,0.00816510717164783
G[T>C]A,0.00118447702593087
G[T>C]C,0.00159961023852613
G[T>C]G,0.00236416439758661
G[T>C]T,0.00615461621731279
T[T>C]A,0.0105245266780834
T[T>C]C,0.00188466181258334
T[T>C]G,0.00332692967001475
T[T>C]T,0.00938682711680226
A[T>G]A,0.000177038155684086
A[T>G]C,0.000303404454924586
A[T>G]G,0.00930379152165839
A[T>G]T,0.000610479486022647
C[T>G]A,0.00576280459235633
C[T>G]C,0.00678877539596676
C[T>G]G,0.0418971650483977
C[T>G]T,0.00735646133538157
G[T>G]A,0.00320517397255313
G[T>G]C,0.00757172719901869
G[T>G]G,0.030357455479604
G[T>G]T,0.00379586815773827
T[T>G]A,0.0246125561368744
T[T>G]C,0.00660121790612698
T[T>G]G,0.0318556772421189
T[T>G]T,0.0200476127445449