substitution,"Ellipticine 0.375 ÂµM + rat S9"
A[C>A]A,0.0482801050571615
A[C>A]C,0.0324563048789496
A[C>A]G,0.00207702010167244
A[C>A]T,0.028339552674909
C[C>A]A,0.0757950581245857
C[C>A]C,0.0782702407544368
C[C>A]G,0.00252881451651359
C[C>A]T,0.0489242487001093
G[C>A]A,0.008730216463007
G[C>A]C,0.022182843967301
G[C>A]G,0.00379398847886842
G[C>A]T,0.000138156338445629
T[C>A]A,0.0469634684197387
T[C>A]C,0.00783590288290091
T[C>A]G,0.0000936501005597875
T[C>A]T,0.0299702761911262
A[C>G]A,0.00734809207555214
A[C>G]C,0.00754780914303987
A[C>G]G,0.00199126144329241
A[C>G]T,0.00723895829223207
C[C>G]A,0.010470185963144
C[C>G]C,0.00967535691478271
C[C>G]G,0.000299014598233028
C[C>G]T,0.00396318698323442
G[C>G]A,0.00495504028469032
G[C>G]C,0.00293842150586295
G[C>G]G,0
G[C>G]T,0.0043812464177621
T[C>G]A,0.0111983678552762
T[C>G]C,0.00761692471246259
T[C>G]G,0.000201250475683793
T[C>G]T,0.00245307911170785
A[C>T]A,0.0252913241821278
A[C>T]C,0.00912119815280413
A[C>T]G,0
A[C>T]T,0.0307288270455806
C[C>T]A,0.00933557609865425
C[C>T]C,0.0122662183629371
C[C>T]G,0.0105909138084343
C[C>T]T,0.0490601610265607
G[C>T]A,0.00335079611000521
G[C>T]C,0.00608400271899453
G[C>T]G,0.0000838886483848256
G[C>T]T,0.00187154340339949
T[C>T]A,0.000331440571549855
T[C>T]C,0.00021841716743976
T[C>T]G,0.00408114721373186
T[C>T]T,0.0249584624029815
A[T>A]A,0.021247165766101
A[T>A]C,0.00930531933693186
A[T>A]G,0.0123912098310165
A[T>A]T,0.0088488872973026
C[T>A]A,0.00337450783674439
C[T>A]C,0.0118535819573956
C[T>A]G,0.00759201617932648
C[T>A]T,0.0116202421101941
G[T>A]A,0.00972412677545761
G[T>A]C,0.00911050169563156
G[T>A]G,0.0109809604932338
G[T>A]T,0.0111131327996948
T[T>A]A,0.0130390560937548
T[T>A]C,0.007679532647102
T[T>A]G,0.0076979709456547
T[T>A]T,0.0177658429584306
A[T>C]A,0.0272166864731892
A[T>C]C,0.0065203134510754
A[T>C]G,0.00318043819944218
A[T>C]T,0.0210185009438875
C[T>C]A,0.00300364745449564
C[T>C]C,0.00227924298255374
C[T>C]G,0.0000212433135455109
C[T>C]T,0.0052912680818279
G[T>C]A,0.00170354170543042
G[T>C]C,0.00172385001397832
G[T>C]G,0.000571475054534166
G[T>C]T,0.00217822504261285
T[T>C]A,0.00767990664910104
T[T>C]C,0.00223907516785677
T[T>C]G,0.000184869188125811
T[T>C]T,0.00801422703604351
A[T>G]A,0.0000552400952583092
A[T>G]C,0.00186997259500352
A[T>G]G,0.0108267968692293
A[T>G]T,0.000867871638773909
C[T>G]A,0.00100494337142232
C[T>G]C,0.000591297160483323
C[T>G]G,0.00377569978111533
C[T>G]T,0.000152144013209751
G[T>G]A,0.000250880540956491
G[T>G]C,0.000531195039237485
G[T>G]G,0.000302156215024969
G[T>G]T,0.0000767452102031485
T[T>G]A,0.000948207268167848
T[T>G]C,0.0000461892468815246
T[T>G]G,0.00127415001033181
T[T>G]T,0.00522398512220048