substitution,"N-Ethyl-N-nitrosourea 400 ÂµM "
A[C>A]A,0.0130480902574389
A[C>A]C,0.00400727842562415
A[C>A]G,0.0022121432502817
A[C>A]T,0.00470414504059503
C[C>A]A,0.00882538577583865
C[C>A]C,0.000840811816789175
C[C>A]G,0.00272972036568283
C[C>A]T,0.00189377820769496
G[C>A]A,0.00258940862597154
G[C>A]C,0.00110642336066437
G[C>A]G,0.000403471379645847
G[C>A]T,0.000338287615831374
T[C>A]A,0.00149193232425488
T[C>A]C,0.0000615707911554347
T[C>A]G,0.00148914575933071
T[C>A]T,0.0000626772213459151
A[C>G]A,0.000756682143416724
A[C>G]C,0.000124719269804703
A[C>G]G,0.000153930392796582
A[C>G]T,0.000531796792293596
C[C>G]A,0.00176796616733176
C[C>G]C,0.00149803134993451
C[C>G]G,0
C[C>G]T,0.0000667136425963712
G[C>G]A,0.00140784362977838
G[C>G]C,0.000179057285826071
G[C>G]G,0.000318679214122306
G[C>G]T,0.000184541628066539
T[C>G]A,0.000338861320374586
T[C>G]C,0.000388240889986765
T[C>G]G,0
T[C>G]T,0.0000136732916132202
A[C>T]A,0.051391257763136
A[C>T]C,0.027861687948453
A[C>T]G,0.00837938513201922
A[C>T]T,0.0250216797141536
C[C>T]A,0.0121340901324943
C[C>T]C,0.00234867127193418
C[C>T]G,0.0000191234847737346
C[C>T]T,0.00178071743378625
G[C>T]A,0.0124168445145059
G[C>T]C,0.00912118510639238
G[C>T]G,0.00203382358458262
G[C>T]T,0.00479899752507275
T[C>T]A,0.0198562215822882
T[C>T]C,0.00783711140199601
T[C>T]G,0.00274857748763293
T[C>T]T,0.00879431011308133
A[T>A]A,0.0234689893468462
A[T>A]C,0.0171220071976835
A[T>A]G,0.0366894983089683
A[T>A]T,0.0160959980904927
C[T>A]A,0.00458579798910957
C[T>A]C,0.00636812042965362
C[T>A]G,0.0179847837026985
C[T>A]T,0.00556438768387751
G[T>A]A,0.012732791802232
G[T>A]C,0.00818710532243531
G[T>A]G,0.0113048821730732
G[T>A]T,0.0134843106047598
T[T>A]A,0.00695848972388277
T[T>A]C,0.00459523679480861
T[T>A]G,0.0107574041232651
T[T>A]T,0.00722054976344284
A[T>C]A,0.0564629083723702
A[T>C]C,0.0387463656927033
A[T>C]G,0.0220652914153741
A[T>C]T,0.0355417477317447
C[T>C]A,0.0175792633782555
C[T>C]C,0.0391211176961086
C[T>C]G,0.0140850953683746
C[T>C]T,0.0142341902514499
G[T>C]A,0.0559353050870949
G[T>C]C,0.0559157718133617
G[T>C]G,0.0320927248055618
G[T>C]T,0.0476405618646474
T[T>C]A,0.0149892947073727
T[T>C]C,0.0383818925623639
T[T>C]G,0.00546351130169606
T[T>C]T,0.0148018845565901
A[T>G]A,0.00353425902974582
A[T>G]C,0.00293088576587053
A[T>G]G,0.00890314323089185
A[T>G]T,0.0035649249035437
C[T>G]A,0.0000440181640595426
C[T>G]C,0.00182936621308743
C[T>G]G,0.00288775547788977
C[T>G]T,0.00156817356015817
G[T>G]A,0.00245876107588698
G[T>G]C,0.00464434317178116
G[T>G]G,0.00402513839443962
G[T>G]T,0.00200013893211688
T[T>G]A,0.000786883589727244
T[T>G]C,0.00151140412964414
T[T>G]G,0.00270205278110483
T[T>G]T,0.000352780485363469