substitution,"PhIP 4 ÂµM + rat S9"
A[C>A]A,0.032667880519281
A[C>A]C,0.0738396190974466
A[C>A]G,0.00827368209533249
A[C>A]T,0.0658126119463431
C[C>A]A,0.0543052308591023
C[C>A]C,0.122287104491851
C[C>A]G,0.013331480049058
C[C>A]T,0.10292236221433
G[C>A]A,0.00737301994771301
G[C>A]C,0.0502898040894839
G[C>A]G,0.00555782841104633
G[C>A]T,0.0352352838657723
T[C>A]A,0.0230243174123703
T[C>A]C,0.080709167082667
T[C>A]G,0.0025895504444795
T[C>A]T,0.0801096366375838
A[C>G]A,0.00653622808725333
A[C>G]C,0.00452254267876357
A[C>G]G,0.00399087061800991
A[C>G]T,0.00730704426915397
C[C>G]A,0.00184899926394302
C[C>G]C,0.00512543365242632
C[C>G]G,0.00104601513075969
C[C>G]T,0.000517784575177869
G[C>G]A,0.00116924126005975
G[C>G]C,0.00575796205886306
G[C>G]G,0.00286059934298427
G[C>G]T,0.00162540264851355
T[C>G]A,0.000277749711515829
T[C>G]C,0.00288904237102215
T[C>G]G,0.00222865801684155
T[C>G]T,0.00957274907696301
A[C>T]A,0.0127481449224306
A[C>T]C,0.0109824300836462
A[C>T]G,0.000863999995465311
A[C>T]T,0.0243556333218758
C[C>T]A,0.00114940199495147
C[C>T]C,0.018999618822936
C[C>T]G,0.00417843264987537
C[C>T]T,0.0247851129231738
G[C>T]A,0.00307577439281676
G[C>T]C,0.00437980119072435
G[C>T]G,0.000890114946475181
G[C>T]T,0.00661599003064782
T[C>T]A,0.00487792869812657
T[C>T]C,0.0172810728491539
T[C>T]G,0.0000134218701701891
T[C>T]T,0.0169439672954978
A[T>A]A,0.00113298399086697
A[T>A]C,0
A[T>A]G,0
A[T>A]T,0.00366742986430084
C[T>A]A,0.000842601930955673
C[T>A]C,0.000893617184091233
C[T>A]G,0.000988197843872717
C[T>A]T,0.000101726844050076
G[T>A]A,0.000449460575442743
G[T>A]C,0.00160991587524026
G[T>A]G,0.000138895099905984
G[T>A]T,0.000466485903969333
T[T>A]A,0.0000321072188384916
T[T>A]C,0.000237767519078237
T[T>A]G,0.000519444595319581
T[T>A]T,0.0012318766541873
A[T>C]A,0.000207968133119687
A[T>C]C,0.00249887690527546
A[T>C]G,0.0000362977574889126
A[T>C]T,0
C[T>C]A,0.00132880563514486
C[T>C]C,0
C[T>C]G,0.0000552867683782601
C[T>C]T,0.00114859222902869
G[T>C]A,0.00007838534132575
G[T>C]C,0
G[T>C]G,0.000285644929262999
G[T>C]T,0.000286839333999109
T[T>C]A,0.00552072088763463
T[T>C]C,0.000919813111693382
T[T>C]G,0.0000104662245520178
T[T>C]T,0
A[T>G]A,0.000422151219696762
A[T>G]C,0.000150191334528858
A[T>G]G,0.000131283300231789
A[T>G]T,0
C[T>G]A,0.0000929206396397708
C[T>G]C,0.000303763441785351
C[T>G]G,0.00141601742502899
C[T>G]T,0.00151148882732553
G[T>G]A,0
G[T>G]C,0.000456728224599753
G[T>G]G,0.000492216216165879
G[T>G]T,0.0000150009137196231
T[T>G]A,0.00237022534429273
T[T>G]C,0.000107597646990279
T[T>G]G,0.0000168026428978235
T[T>G]T,0.000077656551995242