substitution,"Simulated solar radiation 1.25 J "
A[C>A]A,0.0000222941465639634
A[C>A]C,0.0000387819836207363
A[C>A]G,0.00000514702735199155
A[C>A]T,0.0000616139656270988
C[C>A]A,0.00110207108689019
C[C>A]C,0.00299827644560148
C[C>A]G,0.0016456839229125
C[C>A]T,0.0101609606731081
G[C>A]A,0
G[C>A]C,0.0000713528353582828
G[C>A]G,0.00000144001102319764
G[C>A]T,0
T[C>A]A,0.000465973687482435
T[C>A]C,0.00404885990944135
T[C>A]G,0.000351166061649023
T[C>A]T,0.00989147620058215
A[C>G]A,0.0000928489035238475
A[C>G]C,0.0000631002420646964
A[C>G]G,0.000123106484541398
A[C>G]T,0.0000922648026670485
C[C>G]A,0.0000970417067038406
C[C>G]C,0.000340137543491441
C[C>G]G,0.000233813838023616
C[C>G]T,0.0010930955964966
G[C>G]A,0.000246450079331595
G[C>G]C,0
G[C>G]G,0
G[C>G]T,0.00000540727030799112
T[C>G]A,0.000514876230503154
T[C>G]C,0.00101795478033433
T[C>G]G,0.000209645942176456
T[C>G]T,0.00098051449373119
A[C>T]A,0.00071876212858682
A[C>T]C,0.0187958740017651
A[C>T]G,0.00000190266516719687
A[C>T]T,0.0011552473975661
C[C>T]A,0.0806452727563916
C[C>T]C,0.131094699907573
C[C>T]G,0.0170869452573679
C[C>T]T,0.126369005901344
G[C>T]A,0.0000882050125534551
G[C>T]C,0.0167746247942844
G[C>T]G,0.00000739668312718785
G[C>T]T,0.0052347928431082
T[C>T]A,0.0951197546420158
T[C>T]C,0.224953577427771
T[C>T]G,0.0272885558802032
T[C>T]T,0.128488713693845
A[T>A]A,0.0020693999375174
A[T>A]C,0.00201750170891429
A[T>A]G,0.00139202800528811
A[T>A]T,0.00886965825814543
C[T>A]A,0.00240788927562085
C[T>A]C,0.00480402713598411
C[T>A]G,0.001581305598775
C[T>A]T,0.00345617103509432
G[T>A]A,0.000776692210592324
G[T>A]C,0.000430094858615294
G[T>A]G,0.0000547088525279101
G[T>A]T,0.00026202995763077
T[T>A]A,0.00297212492011192
T[T>A]C,0.00309925649570611
T[T>A]G,0.000822865094163449
T[T>A]T,0.0137846067251534
A[T>C]A,0.00016442728277733
A[T>C]C,0.0000859380072478589
A[T>C]G,0.000349911112283425
A[T>C]T,0.00111286827797577
C[T>C]A,0.00126409835129552
C[T>C]C,0.0012805861883523
C[T>C]G,0.000963928342668817
C[T>C]T,0.00683150482487838
G[T>C]A,0.000424745420075302
G[T>C]C,0
G[T>C]G,0.00000494461616399188
G[T>C]T,0.000447062699346466
T[T>C]A,0.00512437464846598
T[T>C]C,0.00166953952721246
T[T>C]G,0.00331432127454416
T[T>C]T,0.00904240753233795
A[T>G]A,0.000254187969889983
A[T>G]C,0.00015814096959574
A[T>G]G,0.000143133625799765
A[T>G]T,0.000758446287788354
C[T>G]A,0.000406615160807332
C[T>G]C,0.00089483094626253
C[T>G]G,0.0000172223005103717
C[T>G]T,0.00178040880964508
G[T>G]A,0
G[T>G]C,0
G[T>G]G,0
G[T>G]T,0.00104436076560308
T[T>G]A,0.000297023960447512
T[T>G]C,0.0000323279583119469
T[T>G]G,0.0000974638786102399
T[T>G]T,0.00343613232748236