substitution,"Temozolomide 200 ÂµM (A) "
A[C>A]A,0
A[C>A]C,0.00000729548226647583
A[C>A]G,0.000869327214610313
A[C>A]T,0.00104573688033959
C[C>A]A,0.00619938203586809
C[C>A]C,0.0000229593118386151
C[C>A]G,0.000262882587887801
C[C>A]T,0.000867396057539775
G[C>A]A,0
G[C>A]C,0.000147626229392217
G[C>A]G,0.000198081539520869
G[C>A]T,0
T[C>A]A,0
T[C>A]C,0.0000136407126410998
T[C>A]G,0
T[C>A]T,0.0000391135940000973
A[C>G]A,0
A[C>G]C,0.000626614489459239
A[C>G]G,0.000780463336078744
A[C>G]T,0.000470374686466687
C[C>G]A,0
C[C>G]C,0.00082806789053184
C[C>G]G,0.00114704599332574
C[C>G]T,0.00065141299850789
G[C>G]A,0.000429943001132731
G[C>G]C,0.00214015118017147
G[C>G]G,0
G[C>G]T,0.000848636245997409
T[C>G]A,0.00121310382645286
T[C>G]C,0.000056402047774435
T[C>G]G,0.00321038003669137
T[C>G]T,0.0000709010524468848
A[C>T]A,0.00662494161698356
A[C>T]C,0.000043313094296346
A[C>T]G,0.000648225056677161
A[C>T]T,0.00943290530411908
C[C>T]A,0.00493646661831009
C[C>T]C,0.0000574749128136226
C[C>T]G,0.000257058463389354
C[C>T]T,0.00270509125652084
G[C>T]A,0.0028980230438536
G[C>T]C,0.008806076241652
G[C>T]G,0.000261809722848614
G[C>T]T,0.00127563653159408
T[C>T]A,0
T[C>T]C,0.00198185760696104
T[C>T]G,0.000390522874264294
T[C>T]T,0.00601552362143816
A[T>A]A,0.00228817590229253
A[T>A]C,0.00102847907985209
A[T>A]G,0.00138280042236551
A[T>A]T,0.000887259387408163
C[T>A]A,0.00508939586632457
C[T>A]C,0.00166444282179568
C[T>A]G,0.0094836978004029
C[T>A]T,0.00369540699426468
G[T>A]A,0.00553788410599183
G[T>A]C,0.00231631561960608
G[T>A]G,0.00172774185910775
G[T>A]T,0.0016502810032784
T[T>A]A,0.000121540282296541
T[T>A]C,0.00212540694920435
T[T>A]G,0.00402112882016204
T[T>A]T,0.000585784311396442
A[T>C]A,0.112723170871628
A[T>C]C,0.0897710625554192
A[T>C]G,0.0483364016762566
A[T>C]T,0.0698372301273132
C[T>C]A,0.0186393134718222
C[T>C]C,0.0403857054037055
C[T>C]G,0.0161979630952205
C[T>C]T,0.0183242589897431
G[T>C]A,0.100245597199442
G[T>C]C,0.0888048709544137
G[T>C]G,0.0605639977943121
G[T>C]T,0.0959694636861086
T[T>C]A,0.0228974228524974
T[T>C]C,0.0431746947062908
T[T>C]G,0.00378853167966616
T[T>C]T,0.0200606757290248
A[T>G]A,0.000972015725503985
A[T>G]C,0
A[T>G]G,0
A[T>G]T,0.000110995551625668
C[T>G]A,0.0041317565323457
C[T>G]C,0.00359624361135691
C[T>G]G,0.00596338238053364
C[T>G]T,0.00229424525308564
G[T>G]A,0.00229865932638973
G[T>G]C,0.000691814030555012
G[T>G]G,0.00408856605119669
G[T>G]T,0
T[T>G]A,0.00571650080837315
T[T>G]C,0.000631304442344831
T[T>G]G,0.00429985915734298
T[T>G]T,0.00339669071406801